# POLICIES
INSERT INTO `directus_policies` (`id`, `name`, `icon`, `description`, `ip_access`, `enforce_tfa`, `admin_access`, `app_access`) VALUES ('014eb62d-a5fc-4c16-8fbd-bc061d3f71d7', 'Administrator', 'verified', '$t:admin_description', NULL, 0, 1, 1);
INSERT INTO `directus_policies` (`id`, `name`, `icon`, `description`, `ip_access`, `enforce_tfa`, `admin_access`, `app_access`) VALUES ('65759360-190e-4288-af93-977011f7189f', 'App Access', 'badge', NULL, NULL, 0, 0, 1);
INSERT INTO `directus_policies` (`id`, `name`, `icon`, `description`, `ip_access`, `enforce_tfa`, `admin_access`, `app_access`) VALUES ('7c8e5c89-bd97-4136-a5e3-c214c536fd35', 'Pharmacy admin', 'badge', NULL, NULL, 0, 0, 0);
INSERT INTO `directus_policies` (`id`, `name`, `icon`, `description`, `ip_access`, `enforce_tfa`, `admin_access`, `app_access`) VALUES ('cf00ea3d-5107-41f2-a0c0-77addf1ef237', 'Pharmacy employee', 'badge', NULL, NULL, 0, 0, 0);

# PERMISSIONS
INSERT INTO `directus_permissions` (`id`, `collection`, `action`, `permissions`, `validation`, `presets`, `fields`, `policy`) VALUES (1, 'pharmacies', 'read', '{"_and": [{"id": {"_eq": "$CURRENT_USER.pharmacy"}}]}', NULL, NULL, '*', '7c8e5c89-bd97-4136-a5e3-c214c536fd35');
INSERT INTO `directus_permissions` (`id`, `collection`, `action`, `permissions`, `validation`, `presets`, `fields`, `policy`) VALUES (2, 'pharmacy_units', 'create', NULL, NULL, '{"pharmacy": "$CURRENT_USER.pharmacy"}', '*', '7c8e5c89-bd97-4136-a5e3-c214c536fd35');
INSERT INTO `directus_permissions` (`id`, `collection`, `action`, `permissions`, `validation`, `presets`, `fields`, `policy`) VALUES (3, 'pharmacy_units', 'read', '{"_and": [{"pharmacy": {"id": {"_eq": "$CURRENT_USER.pharmacy"}}}]}', NULL, NULL, 'id,status,sort,user_created,date_created,user_updated,date_updated,title,address,eldership,user,pharmacy', '7c8e5c89-bd97-4136-a5e3-c214c536fd35');
INSERT INTO `directus_permissions` (`id`, `collection`, `action`, `permissions`, `validation`, `presets`, `fields`, `policy`) VALUES (4, 'pharmacy_units', 'update', '{"_and": [{"pharmacy": {"id": {"_eq": "$CURRENT_USER.pharmacy"}}}]}', NULL, NULL, '*', '7c8e5c89-bd97-4136-a5e3-c214c536fd35');
INSERT INTO `directus_permissions` (`id`, `collection`, `action`, `permissions`, `validation`, `presets`, `fields`, `policy`) VALUES (5, 'directus_users', 'read', NULL, NULL, NULL, 'pharmacy,pharmacy_unit', '65759360-190e-4288-af93-977011f7189f');
INSERT INTO `directus_permissions` (`id`, `collection`, `action`, `permissions`, `validation`, `presets`, `fields`, `policy`) VALUES (6, 'directus_users', 'read', '{"_and": [{"pharmacy": {"id": {"_eq": "$CURRENT_USER.pharmacy"}}}]}', NULL, NULL, 'first_name,last_name,pharmacy,pharmacy_unit,email,password,role,avatar,location,title,description,tags,preferences_divider,language,email_notifications,theming_divider,appearance,theme_light,theme_dark,admin_divider,status,auth_data,last_access,id', '7c8e5c89-bd97-4136-a5e3-c214c536fd35');
INSERT INTO `directus_permissions` (`id`, `collection`, `action`, `permissions`, `validation`, `presets`, `fields`, `policy`) VALUES (7, 'directus_users', 'create', NULL, NULL, '{"role": "eeda376a-ec84-4155-8c45-e40ad82be90f", "pharmacy": "$CURRENT_USER.pharmacy"}', 'first_name,pharmacy,last_name,pharmacy_unit,email,password,avatar,location,title,description,tags,preferences_divider,language,email_notifications,theming_divider,appearance,theme_light,theme_dark,admin_divider,status,role,auth_data', '7c8e5c89-bd97-4136-a5e3-c214c536fd35');
INSERT INTO `directus_permissions` (`id`, `collection`, `action`, `permissions`, `validation`, `presets`, `fields`, `policy`) VALUES (8, 'directus_users', 'update', NULL, NULL, NULL, 'first_name,pharmacy,last_name,pharmacy_unit,email,password,avatar,location,title,description,tags,preferences_divider,language,email_notifications,theming_divider,appearance,theme_light,theme_dark,admin_divider,status,role', '7c8e5c89-bd97-4136-a5e3-c214c536fd35');
INSERT INTO `directus_permissions` (`id`, `collection`, `action`, `permissions`, `validation`, `presets`, `fields`, `policy`) VALUES (9, 'journal', 'create', NULL, NULL, '{"pharmacy_unit": "$CURRENT_USER.pharmacy_unit"}', '*', 'cf00ea3d-5107-41f2-a0c0-77addf1ef237');
INSERT INTO `directus_permissions` (`id`, `collection`, `action`, `permissions`, `validation`, `presets`, `fields`, `policy`) VALUES (10, 'journal', 'read', '{"_and": [{"pharmacy_unit": {"id": {"_eq": "$CURRENT_USER.pharmacy_unit"}}}]}', NULL, NULL, '*', 'cf00ea3d-5107-41f2-a0c0-77addf1ef237');
INSERT INTO `directus_permissions` (`id`, `collection`, `action`, `permissions`, `validation`, `presets`, `fields`, `policy`) VALUES (11, 'journal', 'update', '{"_and": [{"user_created": {"_eq": "$CURRENT_USER"}}]}', NULL, NULL, '*', 'cf00ea3d-5107-41f2-a0c0-77addf1ef237');
INSERT INTO `directus_permissions` (`id`, `collection`, `action`, `permissions`, `validation`, `presets`, `fields`, `policy`) VALUES (12, 'journal', 'delete', '{"_and": [{"user_created": {"_eq": "$CURRENT_USER"}}]}', NULL, NULL, '*', 'cf00ea3d-5107-41f2-a0c0-77addf1ef237');
INSERT INTO `directus_permissions` (`id`, `collection`, `action`, `permissions`, `validation`, `presets`, `fields`, `policy`) VALUES (13, 'directus_roles', 'read', '{"_and": [{"id": {"_eq": "eeda376a-ec84-4155-8c45-e40ad82be90f"}}]}', NULL, NULL, '*', '7c8e5c89-bd97-4136-a5e3-c214c536fd35');
INSERT INTO `directus_permissions` (`id`, `collection`, `action`, `permissions`, `validation`, `presets`, `fields`, `policy`) VALUES (14, 'pharmacy_units', 'read', '{"_and": [{"id": {"_eq": "$CURRENT_USER.pharmacy_unit"}}]}', NULL, NULL, '*', 'cf00ea3d-5107-41f2-a0c0-77addf1ef237');
INSERT INTO `directus_permissions` (`id`, `collection`, `action`, `permissions`, `validation`, `presets`, `fields`, `policy`) VALUES (15, 'pharmacies', 'read', '{"_and": [{"id": {"_eq": "$CURRENT_USER.pharmacy"}}]}', NULL, NULL, 'id,title,code,status,date_created,user_created,date_updated,user_updated,sort', 'cf00ea3d-5107-41f2-a0c0-77addf1ef237');
INSERT INTO `directus_permissions` (`id`, `collection`, `action`, `permissions`, `validation`, `presets`, `fields`, `policy`) VALUES (16, 'directus_users', 'update', '{"id": {"_eq": "$CURRENT_USER"}}', NULL, NULL, 'first_name,last_name,email,password,avatar,location,title,description,tags,preferences_divider,language,tfa_secret,email_notifications,theming_divider,appearance,theme_light,theme_dark,admin_divider,id,last_page,last_access', '65759360-190e-4288-af93-977011f7189f');

# ROLES
INSERT INTO `directus_roles` (`id`, `name`, `icon`, `description`, `parent`) VALUES ('929f7cd3-e5be-49d6-8e1e-392cef643944', 'Administrator', 'verified', '$t:admin_description', NULL);
INSERT INTO `directus_roles` (`id`, `name`, `icon`, `description`, `parent`) VALUES ('d9e1332d-1df4-4ff9-bd63-7761082854a7', 'Pharmacy admin', 'supervised_user_circle', NULL, NULL);
INSERT INTO `directus_roles` (`id`, `name`, `icon`, `description`, `parent`) VALUES ('eeda376a-ec84-4155-8c45-e40ad82be90f', 'Pharmacy employee', 'supervised_user_circle', NULL, NULL);

# ACCESS
INSERT INTO `directus_access` (`id`, `role`, `user`, `policy`, `sort`) VALUES ('7d8cb226-007b-4c3c-ad03-df31f3819262', '929f7cd3-e5be-49d6-8e1e-392cef643944', NULL, '014eb62d-a5fc-4c16-8fbd-bc061d3f71d7', 1);

# PRESETS
INSERT INTO `directus_presets` (`id`, `bookmark`, `user`, `role`, `collection`, `search`, `layout`, `layout_query`, `layout_options`, `refresh_interval`, `filter`, `icon`, `color`) VALUES (4, NULL, NULL, NULL, 'pharmacies', NULL, 'tabular', '{"tabular": {"fields": ["code", "title", "potossium_iodide_quantity"]}}', '{"tabular": {"widths": {"potossium_iodide_quantity": 212.4150390625}}}', NULL, NULL, 'bookmark', NULL);
INSERT INTO `directus_presets` (`id`, `bookmark`, `user`, `role`, `collection`, `search`, `layout`, `layout_query`, `layout_options`, `refresh_interval`, `filter`, `icon`, `color`) VALUES (11, NULL, NULL, NULL, 'journal', NULL, 'tabular', '{"tabular": {"page": 1, "fields": ["status", "personal_code", "municipality", "pharmacy_unit.pharmacy", "pharmacy_unit", "pharmacy_unit.eldership", "date_created"]}}', '{"tabular": {"widths": {}}}', NULL, NULL, 'bookmark', NULL);
INSERT INTO `directus_presets` (`id`, `bookmark`, `user`, `role`, `collection`, `search`, `layout`, `layout_query`, `layout_options`, `refresh_interval`, `filter`, `icon`, `color`) VALUES (15, NULL, NULL, NULL, 'pharmacy_units', NULL, 'tabular', '{"tabular": {"page": 1, "fields": ["address", "eldership", "pharmacy"]}}', NULL, NULL, NULL, 'bookmark', NULL);